sample_id,chronological_age
SYN0000,31.390631039549103
SYN0001,53.07410463330471
SYN0002,44.34304103566814
SYN0003,72.57925407659212
SYN0004,31.19850724961832
SYN0005,44.91420231917418
SYN0006,70.66016164653794
SYN0007,50.938104400284125
SYN0008,47.01635916930296
SYN0009,53.34162569676083
SYN0010,82.6318643084417
SYN0011,36.05775850382583
SYN0012,37.51786478786384
SYN0013,35.719633708561005
SYN0014,55.09444005179177
SYN0015,50.183189546054344
SYN0016,60.99010757951347
SYN0017,79.01859735641374
SYN0018,31.762184767769497
SYN0019,31.88107145293103
SYN0020,71.90033329248874
SYN0021,33.85679832330747
SYN0022,51.31875271222482
SYN0023,51.92784012104075
SYN0024,40.08854038455869
SYN0025,87.30402266949196
SYN0026,23.682972267166534
SYN0027,64.82552445932915
SYN0028,77.25950540035267
SYN0029,74.96430486093153
SYN0030,77.08126856700702
SYN0031,78.24379230445422
SYN0032,31.041620176717974
SYN0033,68.22106153937271
SYN0034,26.5953610184032
SYN0035,79.07639636383564
SYN0036,56.49129685917163
SYN0037,46.93479013910389
SYN0038,79.62182028821991
SYN0039,35.574944997544044
SYN0040,46.363405620080236
SYN0041,49.410652696184435
SYN0042,50.019893450522744
SYN0043,67.40953342230651
SYN0044,60.753081753280696
SYN0045,64.17832403677419
SYN0046,34.67916507715891
SYN0047,45.62107551721546
SYN0048,60.079018912834506
SYN0049,27.59809639769382
SYN0050,88.02539298659391
SYN0051,31.30554752727079
SYN0052,71.23877863834501
SYN0053,41.85288218729387
SYN0054,43.26915306594521
SYN0055,47.24561262031736
SYN0056,43.39064123990468
SYN0057,63.14833080543512
SYN0058,40.434859998945484
SYN0059,65.29523147480977
SYN0060,28.074087594615587
SYN0061,28.908060428088728
SYN0062,67.9823145269718
SYN0063,71.95047981979349
SYN0064,80.87956679638623
SYN0065,39.68371969609695
SYN0066,45.98573517361231
SYN0067,44.12655694652312
SYN0068,62.91078241497439
SYN0069,24.394610343783697
SYN0070,85.78398418652324
SYN0071,73.34564901179358
SYN0072,59.113910451982754
SYN0073,43.242964108990726
SYN0074,60.629205177762536
SYN0075,87.72677638412468
SYN0076,41.52976043246709
SYN0077,60.533485954641804
SYN0078,82.80602653698669
SYN0079,31.15519113720229
SYN0080,64.9562080956366
SYN0081,67.3588292166709
SYN0082,80.92620447847263
SYN0083,43.47036566776931
SYN0084,58.429136939939454
SYN0085,31.560855908091085
SYN0086,27.16373660859655
SYN0087,26.749920915339366
SYN0088,39.993196396593426
SYN0089,43.98638349442268
SYN0090,76.18902410123934
SYN0091,64.39513711847646
SYN0092,24.55459574647754
SYN0093,73.47099972759271
SYN0094,51.41362882601385
SYN0095,51.18998205862289
SYN0096,42.105871814590365
SYN0097,22.761719927350608
SYN0098,36.52963232521552
SYN0099,56.82380436040813
SYN0100,88.33430804832989
SYN0101,71.71839992869623
SYN0102,46.84143824097941
SYN0103,69.41529696175438
SYN0104,56.882551848604656
SYN0105,77.84450242674832
SYN0106,61.81802512145073
SYN0107,23.876095893960912
SYN0108,59.65160207545775
SYN0109,66.5829019681026
SYN0110,49.89279488490124
SYN0111,57.335013879697364
SYN0112,37.430233323044455
SYN0113,22.440043025975537
SYN0114,25.220511902276176
SYN0115,20.62339748160992
SYN0116,63.43657647931299
SYN0117,62.648149324206315
SYN0118,32.878044214185756
SYN0119,84.62110417410676
SYN0120,21.60525258698808
SYN0121,25.458074517102723
SYN0122,69.58392902182416
SYN0123,65.2587515530149
SYN0124,62.58619532793549
SYN0125,33.06269754583724
SYN0126,29.844145233754777
SYN0127,28.031298638642912
SYN0128,56.106612199630625
SYN0129,31.90847218493588
SYN0130,21.055860221544123
SYN0131,38.171388563004676
SYN0132,78.34117390260386
SYN0133,53.91311422121137
SYN0134,43.24809158659197
SYN0135,45.1382817159935
SYN0136,58.335558747689625
SYN0137,66.55634302574452
SYN0138,60.17951036683661
SYN0139,43.049637219963245
SYN0140,56.39680036888163
SYN0141,75.22605188233523
SYN0142,37.20344236010903
SYN0143,24.790708279593865
SYN0144,63.4691079098166
SYN0145,49.46029765730914
SYN0146,44.882752566932986
SYN0147,26.010147376884518
SYN0148,75.33543622563073
SYN0149,38.00528701123629
SYN0150,28.366898392007727
SYN0151,81.43075734479903
SYN0152,84.83074484416032
SYN0153,75.31137252105083
SYN0154,72.6881368654993
SYN0155,40.85124463240244
SYN0156,39.99171250837929
SYN0157,82.97275161772663
SYN0158,42.093264479165676
SYN0159,35.230063721048865
SYN0160,47.322989908138545
SYN0161,64.93991138306198
SYN0162,86.95326122128256
SYN0163,37.789008676364915
SYN0164,83.8749567723195
SYN0165,26.108972381535057
SYN0166,32.77672238384854
SYN0167,78.39101118149826
SYN0168,54.54848983420163
SYN0169,31.088396783107783
SYN0170,69.80094686166231
SYN0171,55.187486695836746
SYN0172,61.596735337707386
SYN0173,56.63441672104789
SYN0174,48.4096724278133
SYN0175,84.93021009040211
SYN0176,20.61460202605601
SYN0177,60.82719573317018
SYN0178,41.059378388896825
SYN0179,75.70280676750315
