rsid,gene,gene_strand,panel_ref,panel_alt,grch38_ref,site_alleles,hypothesis_A_true_alt,hypothesis_B,longevitymap_allele,source_publication,manuscript_tables_using_it,lm_matches_hypothesis,resolved_alt
rs9916344,PITPNM3,-1,C,A,C,C/A/G/T,T,false,T,PMID:22279548,manuscript/tables/41_gene_candidate_list.csv [gene: Gene_Symbol]; manuscript/tables/Supplementary_Table_3.xlsx#41_gene_candidates [gene: Gene_Symbol],true,
rs1801318,NDUFS1,-1,T,A,T,T/A/C,,true,,PMID:24462499,"manuscript/tables/41_gene_candidate_list.csv [gene: Gene_Symbol]; manuscript/tables/Supplementary_Table_3.xlsx#41_gene_candidates [gene: Gene_Symbol]; outputs/Supplementary_Table_1_Annotated_Variants.xlsx#Combined_Master [rsid: rsid; gene: gene_symbol, vep_gene_symbol, gtex_best_gene]; outputs/Supplementary_Table_1_Annotated_Variants.xlsx#High_Impact_Functional [rsid: rsid; gene: gene_symbol, vep_gene_symbol, gtex_best_gene]; outputs/Supplementary_Table_1_Annotated_Variants.xlsx#GTEx_eQTL_Summary [rsid: rsid; gene: input_gene_symbol, eqtl_gene_symbol]; outputs/Supplementary_Table_1_Combined_Master.parquet [rsid: rsid; gene: gene_symbol, vep_gene_symbol, gtex_best_gene]; outputs/Supplementary_Table_1_GTEx_eQTL_Summary.parquet [rsid: rsid; gene: input_gene_symbol, eqtl_gene_symbol]",false,
rs1800774,CETP,1,C,A,C,C/A/G/T,T,false,T,PMID:22234866,"manuscript/tables/41_gene_candidate_list.csv [gene: Gene_Symbol]; manuscript/tables/Supplementary_Table_3.xlsx#41_gene_candidates [gene: Gene_Symbol]; outputs/Supplementary_Table_1_Annotated_Variants.xlsx#Combined_Master [gene: gene_symbol, vep_gene_symbol, gtex_best_gene]; outputs/Supplementary_Table_1_Annotated_Variants.xlsx#GTEx_eQTL_Summary [gene: input_gene_symbol, eqtl_gene_symbol]; outputs/Supplementary_Table_1_Combined_Master.parquet [gene: gene_symbol, vep_gene_symbol, gtex_best_gene]; outputs/Supplementary_Table_1_GTEx_eQTL_Summary.parquet [gene: input_gene_symbol, eqtl_gene_symbol]",true,
rs41383,NLRC5,1,T,A,T,T/A/C,,true,C,PMID:22533364,manuscript/tables/41_gene_candidate_list.csv [gene: Gene_Symbol]; manuscript/tables/Supplementary_Table_3.xlsx#41_gene_candidates [gene: Gene_Symbol],false,
rs7207422,ASIC2,-1,A,C,A,A/C/G,G,false,G,PMID:22279548,"manuscript/tables/41_gene_candidate_list.csv [gene: Gene_Symbol]; manuscript/tables/Supplementary_Table_3.xlsx#41_gene_candidates [gene: Gene_Symbol]; outputs/Supplementary_Table_1_Annotated_Variants.xlsx#Combined_Master [gene: gene_symbol, vep_gene_symbol, gtex_best_gene]; outputs/Supplementary_Table_1_Annotated_Variants.xlsx#High_Impact_Functional [gene: gene_symbol, vep_gene_symbol, gtex_best_gene]; outputs/Supplementary_Table_1_Annotated_Variants.xlsx#GTEx_eQTL_Summary [gene: input_gene_symbol, eqtl_gene_symbol]; outputs/Supplementary_Table_1_Combined_Master.parquet [gene: gene_symbol, vep_gene_symbol, gtex_best_gene]; outputs/Supplementary_Table_1_GTEx_eQTL_Summary.parquet [gene: input_gene_symbol, eqtl_gene_symbol]",true,
rs1981429,SDC4,-1,G,C,G,G/C/T,,true,T,PMID:26254886,manuscript/tables/41_gene_candidate_list.csv [gene: Gene_Symbol]; manuscript/tables/Supplementary_Table_3.xlsx#41_gene_candidates [gene: Gene_Symbol],false,
rs139170,PARVG,1,C,G,C,C/G/T,,true,T,PMID:22533364,manuscript/tables/41_gene_candidate_list.csv [gene: Gene_Symbol]; manuscript/tables/Supplementary_Table_3.xlsx#41_gene_candidates [gene: Gene_Symbol],false,
rs524533,TMEM151B,1,C,A,C,C/A/G/T,T,false,T,PMID:22279548,manuscript/tables/41_gene_candidate_list.csv [gene: Gene_Symbol]; manuscript/tables/Supplementary_Table_3.xlsx#41_gene_candidates [gene: Gene_Symbol],true,
rs882696,TUSC3,1,T,A,T,T/A/C/G,,true,A,PMID:22279548,manuscript/tables/41_gene_candidate_list.csv [gene: Gene_Symbol]; manuscript/tables/Supplementary_Table_3.xlsx#41_gene_candidates [gene: Gene_Symbol],false,
rs28366003,MT2A,1,A,C,A,A/C/G,G,false,C,PMID:21277639,manuscript/tables/41_gene_candidate_list.csv [gene: Gene_Symbol]; manuscript/tables/Supplementary_Table_3.xlsx#41_gene_candidates [gene: Gene_Symbol],false,
rs155979,PCSK1,-1,G,A,G,G/A/C/T,T,false,C,PMID:19641380,manuscript/tables/41_gene_candidate_list.csv [gene: Gene_Symbol]; manuscript/tables/Supplementary_Table_3.xlsx#41_gene_candidates [gene: Gene_Symbol]; outputs/Supplementary_Table_1_Annotated_Variants.xlsx#Combined_Master [rsid: rsid]; outputs/Supplementary_Table_1_Annotated_Variants.xlsx#High_Impact_Functional [rsid: rsid]; outputs/Supplementary_Table_1_Annotated_Variants.xlsx#GTEx_eQTL_Summary [rsid: rsid]; outputs/Supplementary_Table_1_Combined_Master.parquet [rsid: rsid]; outputs/Supplementary_Table_1_GTEx_eQTL_Summary.parquet [rsid: rsid],false,
