gene,snp,ref_score,alt_score,diff,perc_change,abs_perc_change
NDUFS1,rs6435324,0.00021934509,0.00020885468,-1.0490409999999977e-05,-4.78260534575904,4.78260534575904
NDUFS1,rs1801318,3.6239624e-05,3.7908554e-05,1.6689300000000023e-06,4.605263012662611,4.605263012662611
ASIC2,rs12952455,1.5616417e-05,1.6331673e-05,7.152559999999994e-07,4.58015433373737,4.58015433373737
PCSK1,rs155979,0.00059127808,0.0005645752,-2.6702880000000037e-05,-4.51612885767726,4.51612885767726
PCSK1,rs155979,0.00059127808,0.0005645752,-2.6702880000000037e-05,-4.51612885767726,4.51612885767726
NDUFS1,rs11695633,3.7908554e-05,3.6239624e-05,-1.6689300000000023e-06,-4.4025155905445565,4.4025155905445565
CLSTN2,rs1834497,0.000667572021,0.000640869141,-2.670287999999993e-05,-3.9999998741708698,3.9999998741708698
CLSTN2,rs1834497,0.000667572021,0.000640869141,-2.670287999999993e-05,-3.9999998741708698,3.9999998741708698
RAD23B,rs1805329,8.3446503e-05,8.6784363e-05,3.3378600000000047e-06,3.999999856195298,3.999999856195298
ASIC2,rs9972931,6.7710876e-05,6.53266907e-05,-2.3841852999999903e-06,-3.521126059571272,3.521126059571272
CETP,rs4784744,0.01226807,0.01202393,-0.00024414000000000033,-1.9900440737622163,1.9900440737622163
CAMTA1,rs2032563,0.00576782,0.00585938,9.156000000000008e-05,1.587428179104065,1.587428179104065
HPCAL1,rs1974676,0.0505371094,0.0512695312,0.0007324218000000007,1.4492752131961086,1.4492752131961086
APOC1,rs4420638,0.0417480469,0.0422363281,0.00048828119999999586,1.1695905228083756,1.1695905228083756
APOC1,rs4420638,0.0417480469,0.0422363281,0.00048828119999999586,1.1695905228083756,1.1695905228083756
APOC1,rs4420638,0.0417480469,0.0422363281,0.00048828119999999586,1.1695905228083756,1.1695905228083756
ABCC8,rs757110,0.034423828,0.034667969,0.00024414100000000327,0.7092209500930672,0.7092209500930672
SDC4,rs1981429,1.93119049e-05,1.9311905e-05,1.0000000163329879e-13,5.178153172932142e-07,5.178153172932142e-07
LY86,rs3804474,3.33786011e-05,3.3378601e-05,-9.9999998245167e-14,-2.9959313736838124e-07,2.9959313736838124e-07
PLXNA4,rs1868778,5.9604645e-05,5.9604645e-05,0.0,0.0,0.0
PROM1,rs1517598,0.00012159,0.00012159,0.0,0.0,0.0
PITPNM3,rs9916344,1.5720725e-06,1.5720725e-06,0.0,0.0,0.0
PHYHIP,rs4871976,0.0084838867,0.0084838867,0.0,0.0,0.0
RYR3,rs2596230,0.001663208,0.001663208,0.0,0.0,0.0
PCSK1,rs3762985,0.0009765625,0.0009765625,0.0,0.0,0.0
ABCC4,rs4148544,1.9311905e-05,1.9311905e-05,0.0,0.0,0.0
SDC4,rs2251252,1.1742115e-05,1.1742115e-05,0.0,0.0,0.0
SEMA4A,rs1468772,0.00120544,0.00120544,0.0,0.0,0.0
THSD7B,rs2116538,0.0018844604,0.0018844604,0.0,0.0,0.0
THSD7B,rs2116538,0.0018844604,0.0018844604,0.0,0.0,0.0
PCSK1,rs3811952,0.00047683716,0.00047683716,0.0,0.0,0.0
TUSC3,rs882696,4.32133675e-06,4.32133675e-06,0.0,0.0,0.0
ABCC8,rs2073586,6.77108765e-05,6.77108765e-05,0.0,0.0,0.0
ANKRD19P,rs7873259,3.93390656e-05,3.93390656e-05,0.0,0.0,0.0
ASIC2,rs9972933,4.6253204e-05,4.6253204e-05,0.0,0.0,0.0
ATCAY,rs10412199,1.1205673e-05,1.1205673e-05,0.0,0.0,0.0
CALB2,rs12444419,2.592802e-06,2.592802e-06,0.0,0.0,0.0
CALB2,rs8046337,3.0845404e-06,3.0845404e-06,0.0,0.0,0.0
CALB2,rs11641122,1.7136335e-06,1.7136335e-06,0.0,0.0,0.0
CD14,rs4914,0.023193359,0.023193359,0.0,0.0,0.0
TMEM151B,rs524533,0.000423431396,0.000423431396,0.0,0.0,0.0
NDUFS1,rs6435326,0.00012683868,0.00012683868,0.0,0.0,0.0
PCSK1,rs3762985,0.0009765625,0.0009765625,0.0,0.0,0.0
PCSK1,rs3811952,0.00047683716,0.00047683716,0.0,0.0,0.0
ASIC2,rs7207422,1.8596649e-05,1.8596649e-05,0.0,0.0,0.0
CAMK4,rs10491334,0.00364685059,0.00364685059,0.0,0.0,0.0
CETP,rs5882,0.00053787,0.00053787,0.0,0.0,0.0
CETP,rs9923854,0.00018405914,0.00018405914,0.0,0.0,0.0
CETP,rs1800777,9.87052917e-05,9.87052917e-05,0.0,0.0,0.0
CETP,rs1800774,0.00093079,0.00093079,0.0,0.0,0.0
CETP,rs289714,0.00469971,0.00469971,0.0,0.0,0.0
CETP,rs5883,0.00325012,0.00325012,0.0,0.0,0.0
CETP,rs9930761,0.00634766,0.00634766,0.0,0.0,0.0
CETP,rs5882,0.00053787,0.00053787,0.0,0.0,0.0
ESRRG,rs17044026,2.8133392e-05,2.8133392e-05,0.0,0.0,0.0
ESRRG,rs17044026,2.8133392e-05,2.8133392e-05,0.0,0.0,0.0
GPX1,rs1050450,8.67843628e-05,8.67843628e-05,0.0,0.0,0.0
HSPA1A,rs1008438,0.036132812,0.036132812,0.0,0.0,0.0
HSPA1A,rs1008438,0.036132812,0.036132812,0.0,0.0,0.0
HSPA1A,rs1008438,0.036132812,0.036132812,0.0,0.0,0.0
LINGO2,rs7853840,4.1007996e-05,4.1007996e-05,0.0,0.0,0.0
LRP1B,rs1898422,4.4345856e-05,4.4345856e-05,0.0,0.0,0.0
MT2A,rs28366003,9.059906e-06,9.059906e-06,0.0,0.0,0.0
MYT1L,rs10190125,4.6491623e-06,4.6491623e-06,0.0,0.0,0.0
NBEA,rs9530108,0.04296875,0.04296875,0.0,0.0,0.0
NDUFS1,rs11548670,0.00044441223,0.00044441223,0.0,0.0,0.0
NLRC5,rs41383,0.00686646,0.00686646,0.0,0.0,0.0
NLRC5,rs41383,0.00686646,0.00686646,0.0,0.0,0.0
PARVG,rs139170,0.0228271484,0.0228271484,0.0,0.0,0.0
CD14,rs5744455,0.0103759766,0.0103759766,0.0,0.0,0.0
