rsID,ROGEN_AF,gnomAD_AF,Gene
rs6435324,0.47713717693837,0.4273733152845624,NDUFS1
rs1801318,0.340954274353877,0.308998458380533,NDUFS1
rs12952455,0.259443339960239,0.2583698948794205,ASIC2
rs155979,0.863817097415507,0.8582767439809507,PCSK1
rs11695633,0.0427435387673956,0.0356018940619393,NDUFS1
rs1834497,0.47117296222664,0.471038154914247,CLSTN2
rs1805329,0.178926441351889,0.197939711451024,RAD23B
rs9972931,0.234592445328032,0.2270199493909256,ASIC2
rs4784744,0.328031809145129,0.3419557152111183,CETP
rs2032563,0.176938369781312,0.1957270239251346,CAMTA1
rs1974676,0.510934393638171,0.5024304538799415,HPCAL1
rs4420638,0.197813121272366,0.1750014725805501,APOC1
rs757110,0.648111332007952,0.6388153868842288,ABCC8
rs1981429,0.534791252485089,0.5274121838471277,SDC4
rs3804474,0.506958250497018,0.4935718278367803,LY86
rs1868778,0.123260437375746,0.1341452652016591,PLXNA4
rs1517598,0.125248508946322,0.1293443104969126,PROM1
rs9916344,0.539761431411531,0.5093323127649553,PITPNM3
rs4871976,0.756461232604374,0.7295525371905686,PHYHIP
rs2596230,0.128230616302187,0.1111960709349175,RYR3
rs3762985,0.162027833001988,0.1581377566025528,PCSK1
rs4148544,0.326043737574553,0.3479304050871408,ABCC4
rs2251252,0.443339960238569,0.4411556916193224,SDC4
rs1468772,0.305168986083499,0.2824033197951616,SEMA4A
rs2116538,0.799204771371769,0.7795259381249264,THSD7B
rs3811952,0.010934393638171,0.0144810349897089,PCSK1
rs882696,0.86779324055666,0.8738496932515337,TUSC3
rs2073586,0.379721669980119,0.3814763599988231,ABCC8
rs7873259,0.202783300198807,0.2209264705882353,ANKRD19P
rs9972933,0.234592445328032,0.2269719428268925,ASIC2
rs10412199,0.335984095427435,0.3385930888575458,ATCAY
rs12444419,0.333996023856859,0.3182380125393695,CALB2
rs8046337,0.333996023856859,0.3263893563079132,CALB2
rs11641122,0.325049701789264,0.3113635026187253,CALB2
rs4914,0.10934393638171,0.1127745856582795,CD14
rs524533,0.688866799204771,0.6948957965383257,TMEM151B
rs6435326,0.530815109343936,0.4851764705882353,NDUFS1
rs7207422,0.248508946322068,0.2489481272251154,ASIC2
rs10491334,0.176938369781312,0.190743028591599,CAMK4
rs5882,0.668986083499006,0.6847960989901594,CETP
rs9923854,0.127236580516899,0.1021446853578888,CETP
rs1800777,0.0397614314115308,0.0378446412679577,CETP
rs1800774,0.350894632206759,0.358176615993499,CETP
rs289714,0.798210735586481,0.8232791438663368,CETP
rs5883,0.0556660039761431,0.053168229906409,CETP
rs9930761,0.0725646123260437,0.0638333130129117,CETP
rs17044026,0.0974155069582505,0.0890892510443019,ESRRG
rs1050450,0.335984095427435,0.3070102766583253,GPX1
rs1008438,0.403578528827038,0.3676331621423331,HSPA1A
rs7853840,0.0705765407554672,0.0619687656245404,LINGO2
rs1898422,0.191848906560636,0.1726577437858508,LRP1B
rs28366003,0.0387673956262425,0.0563530517475908,MT2A
rs10190125,0.317097415506958,0.3523181925158861,MYT1L
rs9530108,0.170974155069582,0.1631007140881239,NBEA
rs11548670,0.0407554671968191,0.0311722896406528,NDUFS1
rs41383,0.507952286282306,0.5034861143798541,NLRC5
rs139170,0.455268389662028,0.457037799676423,PARVG
rs5744455,0.242544731610338,0.2318984967913968,CD14
